Date,Open,High,Low,Close,Adj Close,Volume,Dividends,Stock Splits,SMA_20,SMA_50,EMA_20,RSI,MACD,MACD_Signal,MACD_Hist,BB_Upper,BB_Middle,BB_Lower,OBV
2023-12-19,371.489990234375,373.260009765625,369.8399963378906,373.260009765625,371.2311401367188,20603700,0.0,0.0,,,,,,,,,,,20603700
2023-12-20,375.0,376.0299987792969,370.5299987792969,370.6199951171875,368.60546875,26316700,0.0,0.0,,,,,,,,,,,-5713000
2023-12-21,372.55999755859375,374.4100036621094,370.0400085449219,373.5400085449219,371.5096130371094,17708000,0.0,0.0,,,,,,,,,,,11995000
2023-12-22,373.6799926757813,375.1799926757813,372.7099914550781,374.5799865722656,372.5439147949219,17091100,0.0,0.0,,,,,,,,,,,29086100
2023-12-26,375.0,376.9400024414063,373.5,374.6600036621094,372.6235046386719,12673100,0.0,0.0,,,,,,,,,,,41759200
2023-12-27,373.6900024414063,375.05999755859375,372.80999755859375,374.0700073242188,372.0367126464844,14905400,0.0,0.0,,,,,,,,,,,26853800
2023-12-28,375.3699951171875,376.4599914550781,374.1600036621094,375.2799987792969,373.2401123046875,14327000,0.0,0.0,,,,,,,,,,,41180800
2023-12-29,376.0,377.1600036621094,373.4800109863281,376.0400085449219,373.9959716796875,18723000,0.0,0.0,,,,,,,,,,,59903800
2024-01-02,373.8599853515625,375.8999938964844,366.7699890136719,370.8699951171875,368.8540954589844,25258600,0.0,0.0,,,,,,,,,,,34645200
2024-01-03,369.010009765625,373.260009765625,368.510009765625,370.6000061035156,368.5855712890625,23083500,0.0,0.0,,,,,,,,,,,11561700
2024-01-04,370.6700134277344,373.1000061035156,367.1700134277344,367.9400024414063,365.9400024414063,20901500,0.0,0.0,,,,,,,,,,,-9339800
2024-01-05,368.9700012207031,372.05999755859375,366.5,367.75,365.7510681152344,20987000,0.0,0.0,,,,,,,,,,,-30326800
2024-01-08,369.2999877929688,375.2000122070313,369.010009765625,374.6900024414063,372.6533508300781,23134000,0.0,0.0,,,,,,,,,,,-7192800
2024-01-09,372.010009765625,375.989990234375,371.1900024414063,375.7900085449219,373.7473754882813,20830000,0.0,0.0,,,,58.60207287764302,,,,,,,13637200
2024-01-10,376.3699951171875,384.1700134277344,376.3200073242188,382.7699890136719,380.68939208984375,25514200,0.0,0.0,,,,70.77094142929052,,,,,,,39151400
2024-01-11,386.0,390.6799926757813,380.3800048828125,384.6300048828125,382.539306640625,27850800,0.0,0.0,,,,73.04478956695107,,,,,,,67002200
2024-01-12,385.489990234375,388.6799926757813,384.6499938964844,388.4700012207031,386.3584289550781,21645700,0.0,0.0,,,,77.01949572190458,,,,,,,88647900
2024-01-16,393.6600036621094,394.0299987792969,387.6199951171875,390.2699890136719,388.1486206054688,27202300,0.0,0.0,,,,78.61157448534543,,,,,,,115850200
2024-01-17,387.9800109863281,390.1099853515625,384.80999755859375,389.4700012207031,387.35296630859375,22234100,0.0,0.0,,,,76.08854257072852,,,,,,,93616100
2024-01-18,391.7200012207031,393.989990234375,390.1199951171875,393.8699951171875,391.7290649414063,23392100,0.0,0.0,377.45850067138673,,380.0522903313389,79.90808234040583,,,,392.81102503016746,377.45850067138673,362.105976312606,117008200
2024-01-19,395.760009765625,398.6700134277344,393.5,398.6700134277344,396.5030212402344,29272000,0.0,0.0,378.7290008544922,,381.8254068167099,83.08282380753737,,,,396.4970483226655,378.7290008544922,360.9609533863189,146280200
2024-01-22,400.0199890136719,400.6199951171875,393.5899963378906,396.510009765625,394.354736328125,27016900,0.0,0.0,380.02350158691405,,383.2239404308923,77.17332734464728,,,,398.97296709431885,380.02350158691405,361.07403607950926,119263300
2024-01-23,395.75,399.3800048828125,393.9299926757813,398.8999938964844,396.7317199707031,20525900,0.0,0.0,381.2915008544922,,384.71689790380583,78.95683698419225,,,,401.67551935977104,381.2915008544922,360.90748234921335,139789200
2024-01-24,401.5400085449219,405.6300048828125,400.4500122070313,402.55999755859375,400.3718566894531,24867000,0.0,0.0,382.6905014038086,,386.41624072807133,81.35885676525632,,,,404.8070179896991,382.6905014038086,360.5739848179181,164656200
2024-01-25,404.3200073242188,407.010009765625,402.5299987792969,404.8699951171875,402.6693115234375,21021200,0.0,0.0,384.2010009765625,,388.17374114608236,82.70100681529217,,,,407.9812886017635,384.2010009765625,360.42071335136154,185677400
2024-01-26,404.3699951171875,406.1700134277344,402.4299926757813,403.9299926757813,401.7344055175781,17803300,0.0,0.0,385.6940002441406,,389.67433652986324,80.17141627670344,7.801302790050045,,,410.47110880228627,385.6940002441406,360.916891685995,167874100
2024-01-29,406.05999755859375,409.9800109863281,404.3299865722656,409.7200012207031,407.492919921875,24510200,0.0,0.0,387.41600036621094,,391.5834474528004,83.51596716882733,8.407966487272972,,,413.79408653832917,387.41600036621094,361.0379141940927,192384300
2024-01-30,412.260009765625,413.0499877929688,406.4500122070313,408.5899963378906,406.3690490722656,33477600,0.0,0.0,389.0434997558594,,393.2031187751899,80.65658794005557,8.697312681200174,,,416.4112434726623,389.0434997558594,361.67575603905647,158906700
2024-01-31,406.9599914550781,415.3200073242188,397.2099914550781,397.5799865722656,395.4189147949219,47871100,0.0,0.0,390.3789993286133,,393.61996332729234,59.339127456302265,7.9466023654385936,,,416.65404884286295,390.3789993286133,364.10394981436366,111035600
2024-02-01,401.8299865722656,408.0,401.7999877929688,403.7799987792969,401.5852355957031,30657700,0.0,0.0,392.03799896240236,,394.5875857512928,64.95604734084105,7.762467309885039,,,417.27774441461276,392.03799896240236,366.79825351019196,141693300
2024-02-02,403.80999755859375,412.6499938964844,403.55999755859375,411.2200012207031,408.98480224609375,28245000,0.0,0.0,394.2019989013672,,396.1716253198081,70.2644382814016,8.123245255305505,,,418.19700509872666,394.2019989013672,370.2069927040077,169938300
2024-02-05,409.8999938964844,411.1600036621094,403.989990234375,405.6499938964844,403.445068359375,25352300,0.0,0.0,396.0969985961914,,397.07432708901536,62.61710259916771,7.869002374653917,,,417.2551151414759,396.0969985961914,374.93888205090684,144586000
2024-02-06,405.8800048828125,407.9700012207031,402.9100036621094,405.489990234375,403.285888671875,18382600,0.0,0.0,397.63699798583986,,397.8758188171449,62.406982981098786,7.567370168907871,,,416.72032224478835,397.63699798583986,378.55367372689136,126203400
2024-02-07,407.4400024414063,414.2999877929688,407.3999938964844,414.0499877929688,411.7993774414063,22340500,0.0,0.0,399.5499969482422,,399.41621586246146,68.49741650446961,7.927659611599722,7.9095403837865375,0.018119227813184757,417.0986168941819,399.5499969482422,382.00137700230255,148543900
2024-02-08,414.0499877929688,415.55999755859375,412.5299987792969,414.1099853515625,411.8590393066406,21225300,0.0,0.0,401.1169967651367,,400.81562248047106,68.53589349093643,8.124380095743504,7.952508326177931,0.17187176956557337,417.97573418840057,401.1169967651367,384.2582593418729,169769200
2024-02-09,415.25,420.8200073242188,415.0899963378906,420.5499877929688,418.2640380859375,22032800,0.0,0.0,402.91299591064455,,402.69508584356606,72.42859351049401,8.699652691515382,8.101937199245421,0.5977154922699608,420.01500233024024,402.91299591064455,385.8109894910489,191802000
2024-02-12,420.55999755859375,420.739990234375,414.75,415.260009765625,413.0028381347656,21202900,0.0,0.0,404.25249633789065,,403.89174526471453,65.28374369577034,8.629230948796248,8.207395949155586,0.4218349996406623,420.8075955252046,404.25249633789065,387.6973971505767,170599100
2024-02-13,404.9400024414063,410.0700073242188,403.3900146484375,406.3200073242188,404.1114196777344,27824900,0.0,0.0,405.054997253418,,404.12300831800064,55.34697084817791,7.762555816595977,8.118427922643665,-0.3558721060476877,420.32745927974054,405.054997253418,389.7825352270954,142774200
2024-02-14,408.0700073242188,409.8399963378906,404.5700073242188,409.489990234375,408.0173034667969,20401200,0.75,0.0,406.0559967041016,,404.63414945289344,57.79975456637634,7.247950793413338,7.9443324967976,-0.6963817033842616,419.6425896922156,406.0559967041016,392.46940371598754,163175400
2024-02-15,408.1400146484375,409.1300048828125,404.2900085449219,406.55999755859375,405.0978393554688,21825500,0.0,0.0,406.69049682617185,,404.81756355819823,54.803289274393904,6.528440880391315,7.661154173516343,-1.132713293125028,419.0733972877782,406.69049682617185,394.3075963645655,141349900
2024-02-16,407.9599914550781,408.2900085449219,403.4400024414063,404.05999755859375,402.6068420410156,22281100,0.0,0.0,406.95999603271486,,404.7454144153787,52.311350614528436,5.6908939014663815,7.267102119106351,-1.5762082176399694,418.8580622219393,406.95999603271486,395.0619298434904,119068800
2024-02-20,403.239990234375,404.489990234375,398.010009765625,402.7900085449219,401.3414001464844,24307900,0.0,0.0,407.2739959716797,,404.55918528485904,51.04165360456646,4.8685329692925166,6.787388289143585,-1.918855319851068,418.35582396753324,407.2739959716797,396.1921679758262,94760900
2024-02-21,400.1700134277344,402.2900085449219,397.2200012207031,402.1799926757813,400.7335815429688,18631100,0.0,0.0,407.43799591064453,,404.33259551256594,50.40875233838224,4.120089001882491,6.253928431691366,-2.1338394298088756,418.10871845292866,407.43799591064453,396.7672733683604,76129800
2024-02-22,410.1900024414063,412.8299865722656,408.5700073242188,411.6499938964844,410.1695251464844,27009900,0.0,0.0,407.8924957275391,,405.02949059674864,58.92392976834276,4.242190389729785,5.8515808232990505,-1.6093904335692653,418.46733620209017,407.8924957275391,397.317655252988,103139700
2024-02-23,415.6700134277344,415.8599853515625,408.9700012207031,410.3399963378906,408.8642578125,16295900,0.0,0.0,408.1659957885742,,405.535253048286,57.45427228671742,4.185008590466168,5.518266376732474,-1.333257786266306,418.6968548128076,408.1659957885742,397.6351367643408,86843800
2024-02-26,411.4599914550781,412.1600036621094,407.3599853515625,407.5400085449219,406.0743408203125,16193500,0.0,0.0,408.34649658203125,,405.72618214320374,54.334856361142286,3.8691547803165918,5.188444057449298,-1.3192892771327065,418.7030547542257,408.34649658203125,397.9899384098368,70650300
2024-02-27,407.989990234375,408.3200073242188,403.8500061035156,407.4800109863281,406.0145263671875,14835800,0.0,0.0,408.2344970703125,,405.89321346159653,54.266865925919475,3.5728119069462423,4.865317627348688,-1.2925057204024455,418.57765800256954,408.2344970703125,397.89133613805546,55814500
2024-02-28,408.1799926757813,409.2999877929688,405.3200073242188,407.7200012207031,406.253662109375,13183100,0.0,0.0,408.1909973144531,,406.0671932481781,54.51206015289839,3.319063156968639,4.5560667332726785,-1.2370035763040397,418.535129680463,408.1909973144531,397.8468649484432,68997600
2024-02-29,408.6400146484375,414.2000122070313,405.9200134277344,413.6400146484375,412.15240478515625,31947300,0.0,0.0,408.9939987182617,,406.7884143339171,60.18307516334114,3.554684858122016,4.355790358242547,-0.8011055001205305,418.3663771556973,408.9939987182617,399.6216202808261,100944900
2024-03-01,411.2699890136719,415.8699951171875,410.8800048828125,415.5,414.0056762695313,17800300,0.0,0.0,409.5799987792969,395.3175994873047,407.6180891592583,61.79468471349266,3.8471544257243977,4.254063171738917,-0.4069087460145191,419.0402495556382,409.5799987792969,400.1197480029556,118745200
2024-03-04,413.4400024414063,417.3500061035156,412.3200073242188,414.9200134277344,413.42779541015625,17596000,0.0,0.0,409.76499938964844,396.1507995605469,408.3135105181608,60.966030892579425,3.986188298557181,4.20048819710257,-0.21429989854538878,419.48737942416085,409.76499938964844,400.042619355136,101149200
2024-03-05,413.9599914550781,414.25,400.6400146484375,402.6499938964844,401.2018737792969,26919200,0.0,0.0,409.61499938964846,396.7913995361328,407.77412798276305,46.698798840883306,3.0708863468756817,3.974567827057192,-0.9036814801815103,419.67346249925333,409.61499938964846,399.5565362800436,74230000
2024-03-06,402.9700012207031,405.1600036621094,398.3900146484375,402.0899963378906,400.6438903808594,22344100,0.0,0.0,409.4449996948242,397.3623992919922,407.23278211182287,46.16777223029715,2.274101407443993,3.6344745431345524,-1.3603731356905593,419.8843040117745,409.4449996948242,399.00569537787396,51885900
2024-03-07,406.1199951171875,409.7799987792969,402.239990234375,409.1400146484375,407.6686096191406,18718500,0.0,0.0,409.19950103759766,398.0535998535156,407.41442330578616,53.3584861009203,2.1863186402696897,3.34484336256158,-1.1585247222918902,419.4227791986372,409.19950103759766,398.9762228765581,70604400
2024-03-08,407.9599914550781,410.4200134277344,404.3299865722656,406.2200012207031,404.7590637207031,17971700,0.0,0.0,408.8050018310547,398.6847998046875,407.30066882149254,50.35809261295728,1.8596921117494958,3.0478131123991634,-1.1881210006496676,418.84720330555086,408.8050018310547,398.76280035655856,52632700
2024-03-11,403.760009765625,405.6799926757813,401.260009765625,404.5199890136719,403.0651550292969,16120800,0.0,0.0,408.00350189208984,399.2937994384766,407.03584217312863,48.64315500146082,1.4469815545218125,2.7276468008236936,-1.280665246301881,416.62669908139526,408.00350189208984,399.38030470278443,36511900
2024-03-12,407.6199951171875,415.5700073242188,406.7900085449219,415.2799987792969,413.7864685058594,22457000,0.0,0.0,408.00450134277344,400.09379943847654,407.82099994514465,58.318522454182435,1.9654913664357991,2.5752157139461147,-0.6097243475103156,416.6310664677933,408.00450134277344,399.3779362177536,58968900
2024-03-13,418.1000061035156,418.1799926757813,411.4500122070313,415.1000061035156,413.6071472167969,17115900,0.0,0.0,408.4435012817383,400.87499938964845,408.51423862689427,58.12126607859091,2.334974095463508,2.5271673902495935,-0.19219329478608538,417.5620798778134,408.4435012817383,399.3249226856632,41853000
2024-03-14,420.239990234375,427.8200073242188,417.989990234375,425.2200012207031,423.6907348632813,34157300,0.0,0.0,409.23000183105466,401.9619995117188,410.10526363582846,65.24015914370779,3.405138532449257,2.702761618689526,0.7023769137597311,420.9238166650307,409.23000183105466,397.53618699707863,76010300
2024-03-15,419.2900085449219,422.6000061035156,412.7900085449219,416.4200134277344,414.9223937988281,45049800,0.0,0.0,409.7230026245117,402.87839965820314,410.70666837791475,56.28100124438953,3.502788127429767,2.8627669204375743,0.6400212069921927,421.7515758994686,409.7230026245117,397.6944293495548,30960500
2024-03-18,414.25,420.7300109863281,413.7799987792969,417.3200073242188,415.8191528320313,20106000,0.0,0.0,410.386003112793,403.8659997558594,411.3365101823247,56.93239719723441,3.611170791849929,3.0124476947200454,0.5987230971298838,422.55388161511684,410.386003112793,398.21812461046915,51066500
2024-03-19,417.8299865722656,421.6700134277344,415.5499877929688,421.4100036621094,419.8944396972656,19837900,0.0,0.0,411.31700286865237,404.93919982910154,412.29589051373273,59.85942266749217,3.981200555408577,3.206198266857752,0.7750022885508252,423.8611694807839,411.31700286865237,398.77283625652086,70904400
2024-03-20,422.0,425.9599914550781,420.6600036621094,425.2300109863281,423.7007141113281,17860100,0.0,0.0,412.46950378417966,405.95,413.5277115111228,62.427852916924124,4.530470036420354,3.4710526207702728,1.0594174156500813,425.6627009128262,412.46950378417966,399.2763066555331,88764500
2024-03-21,429.8299865722656,430.8200073242188,427.1600036621094,429.3699951171875,427.8258056640625,21296200,0.0,0.0,413.35550384521486,407.0215997314453,415.0365004259861,65.03875293504667,5.2394352295730755,3.824729142530834,1.4147060870422417,428.4522408506382,413.35550384521486,398.2587668397915,110060700
2024-03-22,429.7000122070313,429.8599853515625,426.0700073242188,428.739990234375,427.1980590820313,17636500,0.0,0.0,414.27550354003904,407.94099975585937,416.3415946934517,64.30642013918262,5.684926826382139,4.196768679301095,1.4881581470810437,430.7085098883406,414.27550354003904,397.8424971917375,92424200
2024-03-25,425.239990234375,427.4100036621094,421.6099853515625,422.8599853515625,421.3392028808594,18060500,0.0,0.0,415.04150238037107,408.7055993652344,416.962393803748,57.76841598749727,5.500112994753124,4.457437542391501,1.0426754523616228,431.5751640370757,415.04150238037107,398.50784072366645,74363700
2024-03-26,425.6099853515625,425.989990234375,421.3500061035156,421.6499938964844,420.133544921875,16725600,0.0,0.0,415.75000152587893,409.36919921875,417.4088319078182,56.49551641328508,5.196112947974768,4.605172623508155,0.5909403244666134,432.1406477982171,415.75000152587893,399.35935525354074,57638100
2024-03-27,424.4400024414063,424.4500122070313,419.010009765625,421.4299926757813,419.9143371582031,16705000,0.0,0.0,416.4355010986328,409.9923992919922,417.7917996000051,56.25281327089456,4.881171355850427,4.66037236997661,0.22079898587381663,432.5702439066326,416.4355010986328,400.30075829063304,40933100
2024-03-28,420.9599914550781,421.8699951171875,419.1199951171875,420.7200012207031,419.2069091796875,21871200,0.0,0.0,416.7895004272461,410.6173992919922,418.07067594483345,55.42528645173288,4.5221588658225755,4.632729669145803,-0.11057080332322755,432.9739714640834,416.7895004272461,400.6050293904088,19061900
2024-04-01,423.9500122070313,427.8900146484375,422.2200012207031,424.5700073242188,423.0430908203125,16316000,0.0,0.0,417.24300079345704,411.2313995361328,418.6896598857273,58.95164574756222,4.496469693963547,4.605477674109352,-0.1090079801458046,433.7623575502441,417.24300079345704,400.72364403667,35377900
2024-04-02,420.1099853515625,422.3800048828125,417.8399963378906,421.4400024414063,419.9243469238281,17912000,0.0,0.0,417.5690002441406,411.6867993164062,418.95159727198245,55.1329298308905,4.17541403084158,4.519464945455798,-0.34405091461421833,434.14934268924526,417.5690002441406,400.988657799036,17465900
2024-04-03,419.7300109863281,423.260009765625,419.0899963378906,420.4500122070313,418.9378967285156,16502300,0.0,0.0,418.459001159668,412.16559936523436,419.0943034562728,53.942716501125155,3.7973180478090853,4.3750355659264555,-0.5777175181173702,433.5879153634092,418.459001159668,403.3300869559268,963600
2024-04-04,424.989990234375,428.6700134277344,417.5700073242188,417.8800048828125,416.3771362304688,19370900,0.0,0.0,419.2485015869141,412.5451995849609,418.9786559730861,50.872393654817515,3.252799892244127,4.150588431189989,-0.8977885389458624,432.3964666329706,419.2485015869141,406.10053654085755,-18407300
2024-04-05,420.010009765625,426.510009765625,418.3200073242188,425.5199890136719,423.9896545410156,16544300,0.0,0.0,420.06750030517577,413.0043994140625,419.6016400721895,58.444585792781226,3.398571582599459,4.000185061471884,-0.6016134788724248,432.6220197512555,420.06750030517577,407.51298085909605,-1863000
2024-04-08,425.1700134277344,427.2799987792969,423.2999877929688,424.5899963378906,423.06298828125,14272400,0.0,0.0,420.98600006103516,413.39879943847654,420.07672162130393,57.28707663230244,3.3998625615038236,3.8801205614782717,-0.48025799997444807,431.9395994333981,420.98600006103516,410.0324006886722,-16135400
2024-04-09,426.4400024414063,427.739990234375,421.6199951171875,426.2799987792969,424.7469177246094,12512300,0.0,0.0,422.0740005493164,413.8457995605469,420.66750992206516,58.88081538487371,3.496944149287458,3.803485279040109,-0.306541129752651,430.2364597059457,422.0740005493164,413.91154139268707,-3623100
2024-04-10,422.1900024414063,424.0299987792969,419.7000122070313,423.260009765625,421.73779296875,16216600,0.0,0.0,422.47300109863284,414.1165997314453,420.9144146690709,54.93607710357082,3.2922432024514023,3.701236863722368,-0.4089936612709657,430.0253891509148,422.47300109863284,414.92061304635087,-19839700
2024-04-11,425.8200073242188,429.3699951171875,422.3599853515625,427.9299926757813,426.3909912109375,17966400,0.0,0.0,423.11450042724607,414.50339965820314,421.5825649554243,59.45913363825422,3.466880775940467,3.6543656461659877,-0.18748487022552052,430.2191482097062,423.11450042724607,416.00985264478595,-1873300
2024-04-12,424.0499877929688,425.1799926757813,419.7699890136719,421.8999938964844,420.3826904296875,19232100,0.0,0.0,422.94850006103513,414.9897998046875,421.6127962831443,52.176851419970596,3.083170929175253,3.540126702767841,-0.456955773592588,430.00358150145024,422.94850006103513,415.89341862062,-21105400
2024-04-15,426.6000061035156,426.8200073242188,413.4299926757813,413.6400146484375,412.15240478515625,20273500,0.0,0.0,422.8095001220703,415.1870001220703,420.85348374650556,44.19243349325568,2.0884919818178673,3.2497997585778466,-1.1613077767599793,430.4581760068122,422.8095001220703,415.16082423732837,-41378900
2024-04-16,414.5700073242188,418.3999938964844,413.7300109863281,414.5799865722656,413.0889892578125,16765600,0.0,0.0,422.67249908447263,415.25419982910154,420.25600782514937,45.219763340177984,1.3603681510959973,2.871913437081477,-1.5115452859854797,430.7931664259152,422.67249908447263,414.55183174303005,-24613300
2024-04-17,417.25,418.8800048828125,410.3299865722656,411.8399963378906,410.3588562011719,15855500,0.0,0.0,422.1939987182617,415.3779998779297,419.4544829216009,42.749374044461334,0.5558232718498743,2.4086954040351563,-1.852872132185282,431.58437846996287,422.1939987182617,412.8036189665605,-40468800
2024-04-18,410.6300048828125,411.8900146484375,403.9500122070313,404.2699890136719,402.8160705566406,21029900,0.0,0.0,421.14599761962893,415.3535998535156,418.0083406446553,36.7722853383233,-0.6847275542419311,1.790010812379739,-2.4747383666216702,433.23717445854305,421.14599761962893,409.0548207807148,-61498700
2024-04-19,404.0299987792969,405.4800109863281,397.7699890136719,399.1199951171875,397.6846008300781,30276500,0.0,0.0,419.6334976196289,415.055,416.2094505944202,33.3554657479763,-2.0596916455804717,1.0200703207876969,-3.0797619663681686,434.4843582892815,419.6334976196289,404.7826369499763,-91775200
2024-04-22,400.0799865722656,402.8500061035156,395.75,400.9599914550781,399.5179748535156,20286900,0.0,0.0,418.24449768066404,414.7920001220703,414.7571211525781,35.655875759393425,-2.966690110181162,0.22271823459392515,-3.189408344775087,434.55354744619837,418.24449768066404,401.9354479151297,-71488300
2024-04-23,404.239990234375,408.2000122070313,403.05999755859375,407.5700073242188,406.1042175292969,15734500,0.0,0.0,417.47999877929686,414.5324005126953,414.0726341213058,43.2361171170923,-3.1161982953336747,-0.4450650713915948,-2.6711332239420797,434.2780841928145,417.47999877929686,400.6819133657792,-55753800
2024-04-24,409.55999755859375,412.4700012207031,406.7799987792969,409.05999755859375,407.5888366699219,15065300,0.0,0.0,416.85049896240236,414.4084002685547,413.5952401629522,44.81433168993625,-3.0789624867100542,-0.9718445544552867,-2.1071179322547673,433.91778069493984,416.85049896240236,399.7832172298649,-40688500
2024-04-25,394.0299987792969,399.8900146484375,388.0299987792969,399.0400085449219,397.6048889160156,40586500,0.0,0.0,415.7309997558594,414.26280029296873,412.2090276279017,37.30315432073327,-3.8140166037028393,-1.5402789643047972,-2.273737639398042,434.31936582423833,415.7309997558594,397.14263368748044,-81275000
2024-04-26,412.1700134277344,413.0,405.760009765625,406.3200073242188,404.8587341308594,29694700,0.0,0.0,415.01100006103513,414.19940063476565,411.64816855136047,44.57205323011011,-3.7657084838677406,-1.9853648682173861,-1.7803436156503545,433.8839723610283,415.01100006103513,396.13802776104194,-51580300
2024-04-29,405.25,406.3200073242188,399.1900024414063,402.25,400.8033447265625,19582100,0.0,0.0,413.8949996948242,414.11320068359373,410.7531048798023,41.66381149483042,-4.009619133976059,-2.390215721369121,-1.6194034126069385,433.01307901014263,413.8949996948242,394.7769203795058,-71162400
2024-04-30,401.489990234375,402.1600036621094,389.1700134277344,389.3299865722656,387.9297790527344,28781400,0.0,0.0,412.2894989013672,413.8186004638672,408.71280789813216,34.06524259454217,-5.185679898136868,-2.949308556722671,-2.2363713414141975,433.84159824618166,412.2894989013672,390.73739955655276,-99943800
2024-05-01,392.6099853515625,401.7200012207031,390.30999755859375,394.9400024414063,393.5196228027344,23562500,0.0,0.0,411.0139984130859,413.6616003417969,407.40111214034874,39.24644229142732,-5.600476326101955,-3.479542110598528,-2.1209342155034268,433.48325719451395,411.0139984130859,388.5447396316579,-76381300
2024-05-02,397.6600036621094,399.9299926757813,394.6499938964844,397.8399963378906,396.4092102050781,17709400,0.0,0.0,410.01199798583986,413.5748004150391,406.4905296829718,41.79274883735906,-5.6302976460005425,-3.9096932176789307,-1.7206044283216118,432.9496096297962,410.01199798583986,387.0743863418835,-58671900
2024-05-03,402.2799987792969,407.1499938964844,401.8599853515625,406.6600036621094,405.1974792480469,17446700,0.0,0.0,409.0689987182617,413.4750006103516,406.50667006193726,48.818724220857774,-4.885908663977716,-4.104936306938688,-0.7809723570390279,430.9030238510619,409.0689987182617,387.2349735854615,-41225200
2024-05-06,408.760009765625,413.9299926757813,406.3699951171875,413.5400085449219,412.0527648925781,16996600,0.0,0.0,408.5164993286133,413.5390008544922,407.1765118222215,53.53067142020839,-3.6981857539180965,-4.02358619633457,0.32540044241647337,429.28477666569194,408.5164993286133,387.74822199153465,-24228600
2024-05-07,414.6600036621094,414.6700134277344,409.0899963378906,409.3399963378906,407.8678588867188,20018200,0.0,0.0,407.669499206543,413.57500061035154,407.38255796657097,50.47562706152154,-3.060532758233819,-3.8309755087144195,0.7704427504806004,426.7870030614043,407.669499206543,388.5519953516817,-44246800
2024-05-08,408.1700134277344,412.2300109863281,406.7099914550781,410.5400085449219,409.06353759765625,11792300,0.0,0.0,407.0334991455078,413.6362005615234,407.68326754546155,51.330287120906114,-2.430341742156884,-3.550848755402913,1.120507013246029,424.8350757668036,407.0334991455078,389.231922524212,-32454500
2024-05-09,410.5700073242188,412.7200012207031,409.1000061035156,412.3200073242188,410.8371276855469,14689700,0.0,0.0,406.2529998779297,413.72820068359374,408.1248618101051,52.63598195296589,-1.7669119352905227,-3.194061391380435,1.4271494560899125,421.50803705093153,406.2529998779297,390.9979627049279,-17764800
2024-05-10,412.9400024414063,415.3800048828125,411.7999877929688,414.739990234375,413.2484130859375,13402300,0.0,0.0,405.8949996948242,413.7502001953125,408.7548740409879,54.42607899179413,-1.033947929268379,-2.7620386989580243,1.7280907696896453,419.95357783502016,405.8949996948242,391.83642155462826,-4362500
2024-05-13,418.010009765625,418.3500061035156,410.8200073242188,413.7200012207031,412.2320861816406,15440200,0.0,0.0,405.8989990234375,413.71460021972655,409.22774329619887,53.508135945295116,-0.5292721429710241,-2.3154853877606243,1.7862132447896002,419.966430693616,405.8989990234375,391.831567353259,-19802700
2024-05-14,412.0199890136719,417.489990234375,411.5499877929688,416.55999755859375,415.0618896484375,15109300,0.0,0.0,405.9979995727539,413.7473999023438,409.92605322595074,55.74616916959185,0.0987131198910447,-1.8326456862302904,1.9313588061213351,420.33372063410343,405.9979995727539,391.66227851140434,-4693400
2024-05-15,417.8999938964844,423.80999755859375,417.2699890136719,423.0799865722656,422.31878662109375,22239500,0.75,0.0,406.5599990844727,414.1559997558594,411.17880878274264,60.45288660666532,1.109712513595639,-1.2441740462651047,2.3538865598607437,422.55320374375395,406.5599990844727,390.5667944251914,17546100
2024-05-16,421.7999877929688,425.4200134277344,420.3500061035156,420.989990234375,420.2325744628906,17530100,0.0,0.0,407.3959991455078,414.53399963378905,412.11320701623146,58.311929283110636,1.7224364046310825,-0.6508519560858673,2.3732883607169497,424.5302662893874,407.3959991455078,390.2617320016282,16000
2024-05-17,422.5400085449219,422.9200134277344,418.0299987792969,420.2099914550781,419.4539489746094,15352200,0.0,0.0,408.4504989624023,414.7553991699219,412.88432934374066,57.49357127848086,2.1206397054741046,-0.09655362377387294,2.2171933292479777,426.0083024226618,408.4504989624023,390.89269550214283,-15336200
2024-05-20,420.2099914550781,426.7699890136719,419.989990234375,425.3399963378906,424.5747375488281,16272100,0.0,0.0,409.669499206543,415.13779907226564,414.0705833431835,61.33676802628846,2.817686673077219,0.4862944355963455,2.3313922374808733,428.32860153607936,409.669499206543,391.0103968770066,935900
2024-05-21,426.8299865722656,432.9700012207031,424.8500061035156,429.0400085449219,428.2680969238281,21453300,0.0,0.0,410.7429992675781,415.6281994628906,415.49624288620623,63.8738240340515,3.6268533716396405,1.1144062228050045,2.512447148834636,431.18105796679896,410.7429992675781,390.30494056835727,22389200
2024-05-22,430.0899963378906,432.4100036621094,427.1300048828125,430.5199890136719,429.7454223632813,18073700,0.0,0.0,411.81599884033204,415.9329992675781,416.92707585072674,64.86690758445674,4.337545342417798,1.7590340467275631,2.5785112956902347,433.96928971986523,411.81599884033204,389.66270796079885,40462900
2024-05-23,432.9700012207031,433.6000061035156,425.4200134277344,427.0,426.2317504882813,17211700,0.0,0.0,413.21399841308596,416.17099914550784,417.88640196018133,60.600062506255526,4.564127730484699,2.3200527834789906,2.244074947005709,435.49439962601764,413.21399841308596,390.9335972001543,23251200
2024-05-24,427.1900024414063,431.05999755859375,424.4100036621094,430.1600036621094,429.3860778808594,11845800,0.0,0.0,414.40599822998047,416.2697991943359,419.055316407984,62.95584063604271,4.941716757081622,2.844385578199517,2.0973311788821047,437.61506585685015,414.40599822998047,391.1969306031108,35097000
2024-05-28,429.6300048828125,430.8200073242188,426.6000061035156,430.3200073242188,429.5457763671875,15718000,0.0,0.0,415.8094985961914,416.5477990722656,420.12814411429207,63.07622552118414,5.19399657994461,3.3143077785485353,1.8796888013960746,439.3016046212722,415.8094985961914,392.31739257111064,50815000
2024-05-29,425.6900024414063,430.9400024414063,425.6900024414063,429.1700134277344,428.3978576660156,15517100,0.0,0.0,417.80149993896487,416.78479919433596,420.9892745250961,61.52855249686872,5.240723462753635,3.6995909153895554,1.54113254736408,438.5734648918268,417.80149993896487,397.02953498610293,35297900
2024-05-30,424.2999877929688,424.2999877929688,414.239990234375,414.6700134277344,413.9239501953125,28424800,0.0,0.0,418.7880004882812,416.6499993896484,420.38744013487116,46.151941132435404,4.060914342871797,3.771855600886004,0.28905874198579307,436.81612913924073,418.7880004882812,400.7598718373217,6873100
2024-05-31,416.75,416.75,404.510009765625,415.1300048828125,414.3831176757813,47995300,0.0,0.0,419.65250091552736,416.4479992675781,419.8867320156275,46.60779770403908,3.126978717239922,3.642880224156788,-0.5159015069168662,435.04523912202205,419.65250091552736,404.25976270903266,54868400
2024-06-03,415.5299987792969,416.4299926757813,408.9200134277344,413.5199890136719,412.7760009765625,17484700,0.0,0.0,419.9955001831055,416.1309991455078,419.28037553925077,45.16654506757419,2.2311933717878105,3.3605428536829924,-1.129349481895182,434.49468426265673,419.9955001831055,405.49631610355425,37383700
2024-06-04,412.4299926757813,416.4400024414063,409.6799926757813,416.0700073242188,415.3214416503906,14348900,0.0,0.0,420.1220001220703,415.8775994873047,418.97462618543824,47.913818450243284,1.7073608054312217,3.0299064440326386,-1.322545638601417,434.4366623399985,420.1220001220703,405.80733790414206,51732600
2024-06-05,417.80999755859375,424.0799865722656,416.2999877929688,424.010009765625,423.24713134765625,16988000,0.0,0.0,420.85550079345705,415.9005999755859,419.4541865264084,55.40579950232055,1.9108840800454345,2.806101971235198,-0.8952178911897635,434.3658843613261,420.85550079345705,407.345117225588,68720600
2024-06-06,424.010009765625,425.30999755859375,420.5799865722656,424.5199890136719,423.7561950683594,14861300,0.0,0.0,421.5544998168945,415.9579998779297,419.9366439061478,55.84510792431075,2.0892452855840133,2.6627306341049612,-0.5734853485209479,434.2816316355401,421.5544998168945,408.8273679982489,83581900
2024-06-07,426.2000122070313,426.2799987792969,423.0,423.8500061035156,423.0874328613281,13621700,0.0,0.0,422.13099975585936,416.0064001464844,420.30934506780187,55.07746196132838,2.151731977596512,2.5605309028032712,-0.4087989252067592,434.1580183021826,422.13099975585936,410.10398120953613,69960200
2024-06-10,424.7000122070313,428.0799865722656,423.8900146484375,427.8699951171875,427.1001892089844,14003000,0.0,0.0,422.7875,416.14940002441404,421.0294069772672,58.742082129533614,2.496850509721469,2.547794824186911,-0.05094431446544201,434.55979858751095,422.7875,411.0152014124891,83963200
2024-06-11,425.4800109863281,432.8200073242188,425.25,432.6799926757813,431.9015197753906,14551100,0.0,0.0,423.7354995727539,416.3115997314453,422.1389865676019,62.666441270757204,3.1224918941547912,2.662734238180487,0.4597576559743044,435.48797066267,423.7354995727539,411.98302848283777,98514300
2024-06-12,435.3200073242188,443.3999938964844,433.25,441.05999755859375,440.2664489746094,22366200,0.0,0.0,424.9604995727539,416.70399963378907,423.94098761436305,68.32009723624918,4.245573232790946,2.979302037102579,1.266271195688367,438.4456082849797,424.9604995727539,411.47539086052814,120880500
2024-06-13,440.8500061035156,443.3900146484375,439.3699951171875,441.5799865722656,440.7855224609375,15960600,0.0,0.0,425.88549957275393,417.12659912109376,425.62089227702046,68.63747434298071,5.118578268621718,3.407157283406407,1.711420985215311,441.14852223462975,425.88549957275393,410.6224769108781,136841100
2024-06-14,438.2799987792969,443.1400146484375,436.7200012207031,442.5700073242188,441.7737426757813,13582000,0.0,0.0,426.9645004272461,417.6203991699219,427.23509371008697,69.26873255710659,5.823201211167884,3.890366068958703,1.9328351422091812,443.6733078905651,426.9645004272461,410.25569296392706,150423100
2024-06-17,442.5899963378906,450.9400024414063,440.7200012207031,448.3699951171875,447.5632934570313,20790000,0.0,0.0,428.37250061035155,418.0773992919922,429.2479414631442,72.73150990991454,6.771572044668289,4.46660726410062,2.304964780567669,447.1812419578466,428.37250061035155,409.5637592628565,171213100
2024-06-18,449.7099914550781,450.1400146484375,444.8900146484375,446.3399963378906,445.5369567871094,17112500,0.0,0.0,429.42250061035156,418.5123992919922,430.87575621312,69.76834450301972,7.2754914897213325,5.028384109224763,2.247107380496569,449.72239507284326,429.42250061035156,409.12260614785987,154100600
2024-06-20,446.2999877929688,446.5299987792969,441.2699890136719,445.7000122070313,444.8981323242188,19877400,0.0,0.0,430.25550079345703,418.9007995605469,432.28759011730205,68.81646113502164,7.536335722674721,5.529974431914756,2.0063612907599655,451.7560211287436,430.25550079345703,408.75498045817045,134223200
2024-06-21,447.3800048828125,450.5799865722656,446.510009765625,449.7799987792969,448.97076416015625,34486200,0.0,0.0,431.21850128173827,419.4311993408203,433.9535337993968,71.48724483680007,7.980285708985036,6.020036687328812,1.9602490216562245,454.34403064740775,431.21850128173827,408.0929719160688,168709400
2024-06-24,449.7999877929688,452.75,446.4100036621094,447.6700134277344,446.8645935058594,15913700,0.0,0.0,432.252001953125,419.82599975585936,435.2598651925718,68.23254975140593,8.068848425667738,6.429799034996598,1.6390493906711407,456.3577878489754,432.252001953125,408.14621605727456,152795700
2024-06-25,448.25,451.4200134277344,446.75,450.9500122070313,450.138671875,16747500,0.0,0.0,433.29150238037107,420.4070001220703,436.7541649082346,70.48234274309564,8.307934805170248,6.805426189031328,1.50250861613892,458.7043828787467,433.29150238037107,407.87862188199546,169543200
2024-06-26,449.0,453.6000061035156,448.1900024414063,452.1600036621094,451.3464965820313,16507000,0.0,0.0,434.3835021972656,421.1773999023437,438.2213876466989,71.29010780992368,8.497099408830309,7.143760832991124,1.3533385758391843,461.0383845337978,434.3835021972656,407.72861986073343,186050200
2024-06-27,452.1799926757813,456.1700134277344,451.7699890136719,452.8500061035156,452.0352478027344,14806300,0.0,0.0,435.5675018310547,421.94280029296874,439.61458940449097,71.76462263519105,8.603515182991487,7.435711702991197,1.1678034800002894,463.27384753230206,435.5675018310547,407.86115612980734,200856500
2024-06-28,453.0700073242188,455.3800048828125,446.4100036621094,446.9500122070313,446.1458740234375,28362300,0.0,0.0,437.1815017700195,422.6450006103516,440.31320109997097,62.28507081701985,8.118188824190383,7.572207127231035,0.5459816969593483,463.55938858992187,437.1815017700195,410.80361495011715,172494200
2024-07-01,448.6600036621094,457.3699951171875,445.6600036621094,456.7300109863281,455.90826416015625,17662800,0.0,0.0,439.2615020751953,423.6942010498047,441.8767068034336,69.48143897698912,8.425603245424668,7.742886350869762,0.6827168945549058,464.90643232521114,439.2615020751953,413.6165718251795,190157000
2024-07-02,453.2000122070313,459.5899963378906,453.1099853515625,459.2799987792969,458.4536743164063,13979800,0.0,0.0,441.54950256347655,424.89740112304685,443.53416318208724,71.03340262293365,8.773854558988376,7.949079992493485,0.8247745664948907,465.72274408607313,441.54950256347655,417.37626104087997,204136800
2024-07-03,458.1900024414063,461.0199890136719,457.8800048828125,460.7699890136719,459.9409790039063,9932800,0.0,0.0,443.78450164794924,426.0936010742187,445.1756704041429,71.93158671309776,9.0655737030242,8.172378734599627,0.8931949684245719,466.3324329594105,443.78450164794924,421.236570336488,214069600
2024-07-05,459.6099853515625,468.3500061035156,458.9700012207031,467.55999755859375,466.7187805175781,16000300,0.0,0.0,445.96200103759764,427.29340087890625,447.3075110855192,75.63873007380917,9.732470310020119,8.484397049683727,1.2480732603363922,468.8594228876072,445.96200103759764,423.0645791875881,230069900
2024-07-08,466.5499877929688,467.7000122070313,464.4599914550781,466.239990234375,465.4011535644531,12962300,0.0,0.0,448.0480010986328,428.4370007324219,449.1106043377912,73.6035128728991,10.038756579551887,8.79526895565736,1.2434876238945272,470.3453941212449,448.0480010986328,425.75060807602074,217107600
2024-07-09,467.0,467.3299865722656,458.0,459.5400085449219,458.7132263183594,17207200,0.0,0.0,449.83250122070314,429.6470007324219,450.10388092894647,64.16607759696386,9.629851196356299,8.962185403797148,0.6676657925591503,469.6753998883506,449.83250122070314,429.98960255305565,199900400
2024-07-10,461.2200012207031,466.4599914550781,458.8599853515625,466.25,465.4111328125,18196100,0.0,0.0,451.7515014648437,430.8456005859375,451.6416065547611,68.51949376664115,9.735011810538538,9.116750685145426,0.6182611253931114,470.0939903404226,451.7515014648437,433.4090125892649,218096500
2024-07-11,462.9800109863281,464.7799987792969,451.5499877929688,454.7000122070313,453.8819274902344,23111200,0.0,0.0,452.8525024414063,431.8946008300781,451.93288328354873,55.92487323635099,8.785095752005418,9.050419698517425,-0.26532394651200697,468.99537514641986,452.8525024414063,436.7096297363927,194985300
2024-07-12,454.3299865722656,456.3599853515625,450.6499938964844,453.5499877929688,452.7339782714844,16324300,0.0,0.0,453.477001953125,433.1790008544922,452.0868932368268,54.84391330677851,7.849004633206562,8.810136685455253,-0.9611320522486917,468.6861111805132,453.477001953125,438.26789272573683,178661000
2024-07-15,453.2999877929688,457.260009765625,451.4299926757813,453.9599914550781,453.1432495117188,14429400,0.0,0.0,454.09600219726565,434.3594006347656,452.265283543327,55.17655385603359,7.058859409094168,8.459881230183036,-1.401021821088868,468.29188959675423,454.09600219726565,439.90011479777706,193090400
2024-07-16,454.2200012207031,454.2999877929688,446.6600036621094,449.5199890136719,448.7112426757813,17175700,0.0,0.0,454.4435012817383,435.39300048828125,452.003826921455,50.81139395656885,6.005168689360062,7.968938722018442,-1.9637700326583802,467.809819562129,454.4435012817383,441.0771830013476,175914700
2024-07-17,442.5899963378906,444.8500061035156,439.1799926757813,443.5199890136719,442.7220153808594,21778000,0.0,0.0,454.2010009765625,436.1302001953125,451.195842358809,45.56533814211431,4.632560077723838,7.301662993159522,-2.6691029154356842,468.162031289853,454.2010009765625,440.239970663272,154136700
2024-07-18,444.3399963378906,444.6499938964844,434.3999938964844,440.3699951171875,439.5776977539063,20794800,0.0,0.0,453.90250091552736,436.6667999267578,450.1648092881784,43.05223318635732,3.2530801984862023,6.491946434224858,-3.238866235738656,468.7502018854901,453.90250091552736,439.0547999455646,133341900
2024-07-19,433.1000061035156,441.1400146484375,432.0,437.1099853515625,436.3235473632813,20940400,0.0,0.0,453.4729995727539,437.2221997070312,448.9214927227864,40.55903114729205,1.8751612212161035,5.5685893916231075,-3.693428170407004,469.6797231796479,453.4729995727539,437.2662759658599,112401500
2024-07-22,441.7900085449219,444.6000061035156,438.9100036621094,442.9400024414063,442.14306640625,15808800,0.0,0.0,453.13099975585936,437.8701995849609,448.3518269817026,46.52335914664998,1.239298300650546,4.702731173428595,-3.463432872778049,469.9134664789883,453.13099975585936,436.3485330327304,128210300
2024-07-23,443.8999938964844,448.3900146484375,443.1000061035156,444.8500061035156,444.0496520996094,13107100,0.0,0.0,452.98999938964846,438.5207995605469,448.018320231399,48.351795807369115,0.8793570077186814,3.9380563402866127,-3.0586993325679313,469.99947209572264,452.98999938964846,435.9805266835743,141317400
2024-07-24,440.4500122070313,441.4800109863281,427.5899963378906,428.8999938964844,428.1283264160156,26805800,0.0,0.0,451.8874984741211,438.8039996337891,446.1975272471214,36.98069772965886,-0.6850350873924071,3.013438054750809,-3.698473142143216,471.87983430700496,451.8874984741211,431.8951626412373,114511600
2024-07-25,428.7999877929688,429.7999877929688,417.510009765625,418.3999938964844,417.647216796875,29943800,0.0,0.0,450.19949798583986,438.89759948730466,443.5501431184893,31.696134896568864,-2.740498579717155,1.8626507278572166,-4.6031493075743715,474.9495252628553,450.19949798583986,425.44947070882444,84567800
2024-07-26,418.2000122070313,428.9200134277344,417.2699890136719,425.2699890136719,424.5048522949219,23583800,0.0,0.0,448.8204971313477,439.07179931640627,441.80917606088764,37.94449553948121,-3.771639898204853,0.7357926026448028,-4.507432500849656,475.7991613245309,448.8204971313477,421.84183293816443,108151600
2024-07-29,431.5799865722656,432.1499938964844,424.7000122070313,426.7300109863281,425.9622497558594,15125800,0.0,0.0,447.8094970703125,439.1447998046875,440.37306510140576,39.21708975591807,-4.420063510047896,-0.2953786198937369,-4.1246848901541595,476.4566262460106,447.8094970703125,419.16236789461436,123277400
2024-07-30,427.7200012207031,429.0499877929688,417.3599853515625,422.9200134277344,422.15911865234375,32687600,0.0,0.0,446.11899719238284,439.1834002685547,438.7108697039132,37.08010893204781,-5.181648042404845,-1.2726325043959585,-3.9090155380088865,476.4044560159449,446.11899719238284,415.83353836882077,90589800
